{
  "tunne_1.jpg": "appi",
  "tunne_2.jpg": "appi",
  "tunne_3.jpg": "appi",
  "tunne_4.jpg": "appi",
  "tunne_5.jpg": "appi",
  "tunne_6.jpg": "appi",
  "tunne_7.jpg": "appi",
  "tunne_8.jpg": "appi",
  "tunne_9.jpg": "appi",
  "tunne_10.jpg": "appi",
  "tunne_11.jpg": "appi",
  "tunne_12.jpg": "appi",
  "tunne_13.jpg": "appi",
  "tunne_14.jpg": "appi",
  "tunne_15.jpg": "appi",
  "tunne_16.jpg": "appi",
  "tunne_17.jpg": "appi",
  "tunne_18.jpg": "appi",
  "tunne_19.jpg": "appi",
  "tunne_20.jpg": "appi",
  "tunne_21.jpg": "appi",
  "tunne_22.jpg": "appi",
  "tunne_23.jpg": "appi",
  "tunne_24.jpg": "appi",
  "tunne_25.jpg": "appi",
  "tunne_26.jpg": "appi",
  "tunne_27.jpg": "appi",
  "tunne_28.jpg": "appi",
  "tunne_29.jpg": "appi",
  "tunne_30.jpg": "appi",
  "tunne_31.jpg": "appi",
  "tunne_32.jpg": "appi",
  "tunne_33.jpg": "appi",
  "tunne_34.jpg": "appi"
}